{
    "macro_f1": 0.6859109799867361,
    "accuracy": 0.6886446886446886,
    "kappa": 0.6642333654075719,
    "confusion_matrix": [
        [
            65,
            0,
            1,
            0,
            7,
            0,
            0,
            0,
            0,
            0,
            0,
            0,
            1,
            1
        ],
        [
            0,
            61,
            2,
            0,
            0,
            0,
            0,
            0,
            0,
            1,
            0,
            3,
            7,
            1
        ],
        [
            1,
            3,
            62,
            0,
            1,
            0,
            0,
            0,
            0,
            2,
            0,
            1,
            3,
            2
        ],
        [
            0,
            0,
            1,
            40,
            0,
            11,
            7,
            0,
            0,
            9,
            4,
            2,
            1,
            0
        ],
        [
            11,
            0,
            2,
            0,
            60,
            0,
            0,
            1,
            0,
            1,
            0,
            0,
            0,
            0
        ],
        [
            0,
            0,
            2,
            10,
            0,
            27,
            23,
            3,
            0,
            6,
            3,
            2,
            3,
            0
        ],
        [
            0,
            0,
            0,
            10,
            0,
            6,
            50,
            1,
            0,
            2,
            3,
            2,
            1,
            0
        ],
        [
            0,
            0,
            0,
            0,
            0,
            1,
            0,
            56,
            9,
            1,
            1,
            0,
            0,
            7
        ],
        [
            0,
            0,
            0,
            0,
            0,
            0,
            0,
            5,
            56,
            2,
            2,
            1,
            1,
            8
        ],
        [
            0,
            0,
            10,
            3,
            0,
            7,
            2,
            1,
            0,
            78,
            6,
            4,
            1,
            1
        ],
        [
            0,
            0,
            2,
            5,
            0,
            7,
            1,
            0,
            0,
            3,
            51,
            2,
            4,
            0
        ],
        [
            0,
            6,
            3,
            3,
            2,
            0,
            1,
            0,
            0,
            8,
            2,
            42,
            6,
            2
        ],
        [
            0,
            11,
            6,
            4,
            2,
            0,
            0,
            0,
            0,
            7,
            1,
            6,
            38,
            0
        ],
        [
            0,
            0,
            1,
            0,
            0,
            0,
            0,
            6,
            2,
            0,
            0,
            0,
            0,
            66
        ]
    ],
    "hyperparameters": {
        "hidden_layer_sizes": [
            256,
            256,
            256
        ],
        "activation": "tanh",
        "learning_rate_init": 0.0001504000148864765,
        "batch_size": 128,
        "dropout_rate": 0.060967423991131114,
        "weight_decay": 0.00021114470410515425
    }
}