{
    "macro_f1": 0.6876410698006342,
    "accuracy": 0.6877289377289377,
    "kappa": 0.6632159685982255,
    "confusion_matrix": [
        [
            68,
            0,
            0,
            0,
            4,
            0,
            0,
            0,
            0,
            0,
            0,
            0,
            2,
            1
        ],
        [
            0,
            57,
            4,
            1,
            1,
            0,
            0,
            0,
            0,
            1,
            0,
            2,
            8,
            1
        ],
        [
            1,
            1,
            62,
            0,
            1,
            1,
            0,
            0,
            0,
            1,
            0,
            1,
            6,
            1
        ],
        [
            0,
            0,
            1,
            39,
            0,
            13,
            3,
            0,
            0,
            12,
            3,
            4,
            0,
            0
        ],
        [
            15,
            1,
            0,
            0,
            58,
            0,
            0,
            0,
            0,
            0,
            0,
            1,
            0,
            0
        ],
        [
            0,
            0,
            1,
            16,
            0,
            39,
            9,
            3,
            0,
            6,
            3,
            2,
            0,
            0
        ],
        [
            0,
            0,
            1,
            11,
            0,
            7,
            46,
            1,
            0,
            2,
            4,
            1,
            2,
            0
        ],
        [
            0,
            0,
            0,
            0,
            0,
            1,
            0,
            61,
            4,
            2,
            0,
            0,
            0,
            7
        ],
        [
            0,
            1,
            0,
            0,
            0,
            0,
            0,
            5,
            54,
            3,
            1,
            0,
            1,
            10
        ],
        [
            0,
            1,
            6,
            4,
            0,
            6,
            0,
            2,
            1,
            76,
            8,
            8,
            0,
            1
        ],
        [
            0,
            0,
            2,
            4,
            0,
            5,
            0,
            1,
            0,
            2,
            52,
            3,
            6,
            0
        ],
        [
            2,
            7,
            1,
            4,
            2,
            1,
            0,
            0,
            0,
            9,
            1,
            40,
            7,
            1
        ],
        [
            0,
            14,
            6,
            2,
            2,
            1,
            0,
            0,
            0,
            7,
            3,
            5,
            34,
            1
        ],
        [
            0,
            1,
            1,
            0,
            0,
            0,
            0,
            5,
            2,
            0,
            1,
            0,
            0,
            65
        ]
    ],
    "hyperparameters": {
        "objective": "multiclass",
        "num_class": 14,
        "num_leaves": 255,
        "max_depth": 5,
        "learning_rate": 0.011780434174418127,
        "feature_fraction": 0.7,
        "bagging_fraction": 0.8,
        "bagging_freq": 10,
        "min_data_in_leaf": 20,
        "lambda_l1": 0.1,
        "lambda_l2": 0.5,
        "verbosity": -1,
        "device": "gpu",
        "gpu_device_id": 0
    }
}